1,1,1,2007-11-04,2012-04-09,592642.6,katkestatud,2005-06-18
2,2,2,2002-04-27,2010-06-05,576108.6,reserveeritud,2012-04-20
3,3,3,2019-01-20,2018-02-19,870733.0,töötluses,2022-12-15
4,4,4,2013-02-19,2008-12-14,227989.0,katkestatud,2014-06-13
5,5,5,2010-04-25,2020-12-15,44379.5,katkestatud,2007-12-15
6,6,6,2006-08-20,2021-04-21,785714.4,reserveeritud,2020-10-10
7,7,7,2000-10-29,2005-04-20,740029.4,töötluses,2018-01-27
8,8,8,2010-12-16,2015-11-24,878650.7,töötluses,2011-10-30
9,9,9,2019-06-04,2017-09-26,761070.8,reserveeritud,2022-07-14
10,10,10,2017-02-02,2012-10-03,104899.2,katkestatud,2009-03-17
11,11,11,2004-07-09,2009-05-05,424297.1,reserveeritud,2017-06-12
12,12,12,2008-07-10,2009-07-17,215268.6,reserveeritud,2001-12-09
13,13,13,2000-10-29,2003-03-26,904238.3,reserveeritud,2018-10-12
14,14,14,2001-08-21,2010-05-22,197865.0,reserveeritud,2006-10-31
15,15,15,2011-02-23,2016-10-09,256143.7,reserveeritud,2013-09-03
16,16,16,2018-03-23,2021-12-28,725374.6,katkestatud,2016-05-09
17,17,17,2019-09-13,2013-10-13,916395.2,reserveeritud,2006-11-20
18,18,18,2012-06-05,2015-10-12,896319.2,reserveeritud,2012-08-13
19,19,19,2018-03-18,2002-09-16,827700.4,töötluses,2022-10-11
20,20,20,2007-11-09,2016-05-09,631266.1,katkestatud,2000-06-30
21,21,21,2016-11-15,2007-05-28,382340.3,katkestatud,2008-09-01
22,22,22,2012-10-07,2000-10-08,325245.0,töötluses,2003-04-12
23,23,23,2017-08-04,2008-11-28,922803.2,katkestatud,2013-03-20
24,24,24,2018-03-13,2011-12-04,261147.0,töötluses,2017-11-09
25,25,25,2010-10-18,2008-03-12,60287.4,katkestatud,2004-08-02
26,26,26,2014-07-17,2020-04-12,362952.3,reserveeritud,2012-06-28
27,27,27,2006-07-18,2009-08-31,545301.6,katkestatud,2011-06-27
28,28,28,2005-04-25,2013-07-12,875873.9,katkestatud,2018-11-07
29,29,29,2003-07-20,2007-05-08,344328.9,töötluses,2022-02-13
30,30,30,2003-04-11,2018-11-12,860558.5,reserveeritud,2006-02-19
31,31,31,2011-06-06,2009-05-15,83758.6,katkestatud,2002-03-22
32,32,32,2001-01-08,2012-12-21,555872.6,reserveeritud,2004-10-05
33,33,33,2007-12-22,2006-08-23,997541.5,reserveeritud,2019-10-25
34,34,34,2004-03-03,2014-06-30,299491.5,reserveeritud,2001-02-10
35,35,35,2020-03-19,2002-01-29,93287.8,katkestatud,2022-05-31
36,36,36,2017-03-05,2019-03-04,24129.1,reserveeritud,2017-07-07
37,37,37,2018-09-07,2017-05-01,33688.7,reserveeritud,2003-09-08
38,38,38,2020-12-25,2012-08-15,372259.9,töötluses,2005-07-09
39,39,39,2005-04-30,2021-10-12,447733.4,reserveeritud,2019-12-05
40,40,40,2004-05-05,2004-11-17,602067.0,katkestatud,2008-06-11
41,41,41,2011-11-29,2018-02-10,852508.3,reserveeritud,2001-07-07
42,42,42,2019-09-25,2013-04-09,774473.0,katkestatud,2016-11-02
43,43,43,2015-04-26,2021-03-09,853499.6,töötluses,2018-08-04
44,44,44,2000-04-12,2003-01-05,806608.5,katkestatud,2018-02-18
45,45,45,2004-04-30,2011-08-24,450646.2,katkestatud,2011-01-22
46,46,46,2020-12-30,2022-06-13,285841.7,reserveeritud,2012-11-19
47,47,47,2020-06-15,2006-01-01,184882.3,katkestatud,2020-12-10
48,48,48,2017-04-05,2020-11-22,622793.9,töötluses,2021-12-01
49,49,49,2009-11-03,2019-08-27,49898.7,reserveeritud,2017-08-23
50,50,50,2005-03-26,2001-11-09,618926.2,katkestatud,2010-11-16
51,51,51,2004-10-30,2003-11-22,540875.9,reserveeritud,2001-12-17
52,52,52,2007-11-10,2020-06-16,765940.2,reserveeritud,2009-04-05
53,53,53,2010-05-05,2004-08-23,19076.5,reserveeritud,2013-10-04
54,54,54,2021-03-27,2005-06-08,773283.4,reserveeritud,2006-09-04
55,55,55,2005-09-23,2015-02-03,594317.6,reserveeritud,2021-01-22
56,56,56,2021-11-23,2007-09-08,42100.0,töötluses,2021-08-29
57,57,57,2015-10-21,2008-07-05,88076.2,töötluses,2018-10-15
58,58,58,2015-01-23,2009-08-29,524965.5,reserveeritud,2022-11-30
59,59,59,2021-09-18,2012-07-09,481843.9,töötluses,2001-08-27
60,60,60,2006-07-27,2014-11-26,954105.4,katkestatud,2009-03-12
61,61,61,2012-03-08,2010-11-18,21446.0,reserveeritud,2021-05-23
62,62,62,2015-03-03,2021-09-29,189337.2,katkestatud,2015-12-15
63,63,63,2009-05-30,2016-07-27,973378.2,töötluses,2004-11-17
64,64,64,2012-11-14,2013-04-07,300003.6,katkestatud,2010-02-28
65,65,65,2005-10-04,2015-04-14,655666.7,reserveeritud,2001-04-05
66,66,66,2016-08-12,2010-04-19,755461.7,katkestatud,2003-11-22
67,67,67,2019-12-22,2009-08-29,227178.6,töötluses,2004-05-24
68,68,68,2008-01-18,2012-05-05,866007.5,töötluses,2008-03-15
69,69,69,2013-06-29,2014-04-28,576172.9,reserveeritud,2020-12-07
70,70,70,2007-06-29,2016-12-07,737991.3,katkestatud,2008-01-04
71,71,71,2001-04-08,2021-02-23,165819.7,töötluses,2011-06-01
72,72,72,2011-02-14,2022-06-02,603774.3,töötluses,2003-07-06
73,73,73,2020-09-24,2013-08-14,785938.1,katkestatud,2015-02-26
74,74,74,2012-07-14,2020-03-16,680996.4,reserveeritud,2018-06-10
75,75,75,2012-04-01,2013-05-22,282606.2,reserveeritud,2008-02-04
76,76,76,2001-07-28,2011-02-22,73228.9,töötluses,2010-10-06
77,77,77,2007-08-20,2001-02-04,858846.7,katkestatud,2004-11-10
78,78,78,2015-07-31,2016-06-05,328461.9,katkestatud,2000-12-10
79,79,79,2006-06-01,2014-07-22,970756.3,reserveeritud,2011-02-06
80,80,80,2015-06-18,2021-10-21,594622.7,reserveeritud,2007-09-13
81,81,81,2020-03-06,2015-09-08,334503.7,reserveeritud,2017-04-09
82,82,82,2009-08-09,2012-08-31,760229.4,katkestatud,2007-06-28
83,83,83,2005-04-07,2013-01-06,422388.5,töötluses,2004-12-30
84,84,84,2008-11-05,2010-07-05,105449.0,katkestatud,2013-06-09
85,85,85,2020-06-19,2003-12-31,518330.1,katkestatud,2016-03-11
86,86,86,2018-08-19,2015-01-29,758330.6,töötluses,2016-05-13
87,87,87,2000-07-31,2004-08-16,654572.0,katkestatud,2020-02-12
88,88,88,2009-02-15,2012-12-13,674224.6,reserveeritud,2003-10-09
89,89,89,2020-10-20,2006-10-05,283175.5,katkestatud,2007-06-06
90,90,90,2022-10-18,2000-01-19,439299.3,töötluses,2005-01-18
91,91,91,2009-06-30,2015-02-19,334194.8,katkestatud,2000-07-30
92,92,92,2007-07-25,2006-01-07,433685.0,reserveeritud,2001-03-07
93,93,93,2009-06-22,2020-08-04,121026.2,töötluses,2016-06-22
94,94,94,2014-10-28,2001-04-14,135765.2,töötluses,2020-02-13
95,95,95,2008-03-23,2012-08-24,39280.1,töötluses,2010-04-05
96,96,96,2009-10-03,2022-04-15,608146.4,reserveeritud,2012-03-04
97,97,97,2014-08-05,2013-12-07,160449.9,reserveeritud,2010-07-02
98,98,98,2016-09-02,2016-02-28,17812.3,reserveeritud,2005-02-23
99,99,99,2006-07-24,2015-04-14,53060.5,töötluses,2018-09-20
100,100,100,2001-05-26,2016-06-03,906288.3,töötluses,2020-05-15
101,101,101,2008-08-21,2004-02-05,293253.1,töötluses,2018-01-03
102,102,102,2017-01-02,2019-04-09,75957.4,töötluses,2020-01-01
103,103,103,2014-04-20,2007-01-30,381661.6,katkestatud,2004-01-02
104,104,104,2012-04-09,2019-10-20,318287.2,katkestatud,2001-01-20
105,105,105,2004-01-06,2002-02-28,127999.9,töötluses,2018-01-17
106,106,106,2016-12-04,2017-09-03,912336.4,katkestatud,2017-01-14
107,107,107,2021-03-08,2005-06-02,780797.6,reserveeritud,2002-01-09
108,108,108,2008-08-23,2017-09-29,450517.6,töötluses,2017-08-24
109,109,109,2021-12-10,2003-02-02,946948.9,reserveeritud,2020-07-09
110,110,110,2019-01-05,2009-01-23,47564.9,töötluses,2010-07-07
111,111,111,2016-10-13,2020-05-26,276084.9,reserveeritud,2020-11-08
112,112,112,2012-11-16,2001-05-28,786343.4,reserveeritud,2008-08-07
113,113,113,2022-10-08,2004-04-07,177346.0,reserveeritud,2013-09-16
114,114,114,2007-11-21,2018-10-06,80576.9,reserveeritud,2021-10-20
115,115,115,2007-04-06,2007-07-12,345797.4,katkestatud,2022-12-04
116,116,116,2008-06-13,2015-01-10,492120.4,töötluses,2004-02-13
117,117,117,2020-01-14,2009-07-25,919478.4,töötluses,2014-06-26
118,118,118,2015-07-27,2010-01-05,717314.2,töötluses,2008-08-07
119,119,119,2010-09-16,2002-05-11,74723.8,reserveeritud,2005-06-16
120,120,120,2010-02-02,2005-02-16,84402.6,reserveeritud,2014-09-10
121,121,121,2019-09-09,2002-09-18,717382.4,katkestatud,2010-11-21
122,122,122,2006-12-13,2022-07-09,871142.4,katkestatud,2014-11-30
123,123,123,2002-02-14,2004-08-01,656008.1,katkestatud,2018-04-25
124,124,124,2009-05-10,2008-09-12,977786.3,katkestatud,2016-10-14
125,125,125,2013-12-18,2008-04-20,603101.2,katkestatud,2000-12-29
126,126,126,2009-09-30,2011-10-02,721430.4,katkestatud,2016-07-28
127,127,127,2011-11-03,2010-07-29,990944.1,reserveeritud,2020-06-08
128,128,128,2010-01-14,2016-01-21,685670.6,katkestatud,2020-09-11
129,129,129,2021-08-10,2000-11-23,972817.4,töötluses,2013-08-18
130,130,130,2003-04-20,2003-12-19,623615.4,reserveeritud,2008-05-10
131,131,131,2011-05-12,2016-04-24,953772.4,katkestatud,2015-05-19
132,132,132,2014-07-10,2017-10-09,704596.0,reserveeritud,2022-09-25
133,133,133,2021-04-17,2008-07-09,272751.4,töötluses,2001-08-17
134,134,134,2003-07-29,2021-10-31,106424.5,töötluses,2008-04-08
135,135,135,2008-12-09,2006-07-07,710743.6,töötluses,2018-06-14
136,136,136,2010-12-10,2017-11-01,728797.9,reserveeritud,2014-05-02
137,137,137,2013-10-14,2010-04-19,189426.4,katkestatud,2002-10-19
138,138,138,2015-04-04,2003-04-29,871682.0,reserveeritud,2008-06-27
139,139,139,2006-06-13,2008-02-22,642508.7,töötluses,2022-06-03
140,140,140,2016-08-08,2007-08-09,632049.0,katkestatud,2005-08-14
141,141,141,2006-05-20,2012-09-12,528728.2,töötluses,2004-09-16
142,142,142,2015-07-30,2013-12-10,580032.1,reserveeritud,2018-08-03
143,143,143,2006-04-10,2012-09-07,282723.5,töötluses,2006-06-14
144,144,144,2018-05-12,2017-08-13,200902.8,katkestatud,2021-04-13
145,145,145,2021-10-21,2013-12-20,343597.5,reserveeritud,2003-05-19
146,146,146,2021-10-13,2002-05-18,518412.7,katkestatud,2012-08-06
147,147,147,2021-03-12,2011-12-29,774857.2,reserveeritud,2021-05-21
148,148,148,2005-05-18,2017-12-13,942415.0,reserveeritud,2004-07-09
149,149,149,2009-09-07,2007-09-18,955621.2,reserveeritud,2019-04-05
150,150,150,2006-03-02,2001-01-03,598838.6,töötluses,2002-12-06
151,151,151,2018-10-09,2019-12-10,349319.7,reserveeritud,2004-06-06
152,152,152,2020-01-02,2020-01-23,329511.1,reserveeritud,2016-10-30
153,153,153,2022-09-02,2011-02-21,281020.1,katkestatud,2017-12-07
154,154,154,2006-11-21,2009-06-13,312735.8,reserveeritud,2022-03-26
155,155,155,2018-10-06,2020-04-28,52196.6,reserveeritud,2011-04-08
156,156,156,2004-05-27,2014-08-10,257228.3,reserveeritud,2018-05-05
157,157,157,2008-08-27,2022-07-05,437779.5,töötluses,2013-02-22
158,158,158,2005-10-27,2019-12-10,209923.8,töötluses,2002-11-24
159,159,159,2022-10-01,2019-01-31,922565.7,katkestatud,2019-12-01
160,160,160,2004-08-16,2008-11-19,378481.0,reserveeritud,2007-04-04
161,161,161,2009-03-11,2018-06-07,790544.1,reserveeritud,2010-01-04
162,162,162,2005-06-22,2005-04-19,349294.7,töötluses,2011-06-01
163,163,163,2019-10-10,2021-08-22,674092.3,töötluses,2017-04-07
164,164,164,2012-09-13,2007-02-25,351085.5,töötluses,2012-11-02
165,165,165,2001-01-25,2016-07-20,249677.0,töötluses,2002-03-16
166,166,166,2010-10-05,2015-03-31,287862.6,töötluses,2015-05-09
167,167,167,2011-12-08,2001-08-16,61177.8,töötluses,2012-01-29
168,168,168,2006-12-29,2017-11-23,288356.2,töötluses,2020-02-05
169,169,169,2000-03-11,2014-01-23,882526.9,katkestatud,2019-11-08
170,170,170,2007-12-20,2020-10-01,511103.6,katkestatud,2008-05-05
171,171,171,2014-07-11,2018-07-22,938194.0,katkestatud,2019-05-12
172,172,172,2004-11-08,2007-12-06,88183.6,reserveeritud,2006-06-25
173,173,173,2012-03-15,2005-07-04,990480.5,töötluses,2012-05-26
174,174,174,2000-05-02,2009-05-24,61615.8,reserveeritud,2001-12-20
175,175,175,2016-07-01,2020-12-28,823078.3,reserveeritud,2021-10-24
176,176,176,2012-07-11,2020-10-07,719205.3,katkestatud,2013-09-13
177,177,177,2013-11-21,2017-01-09,958946.3,reserveeritud,2008-04-19
178,178,178,2017-01-15,2003-10-22,111026.0,töötluses,2012-01-06
179,179,179,2007-11-09,2003-07-05,465250.9,reserveeritud,2010-02-10
180,180,180,2009-08-20,2016-06-01,780916.0,reserveeritud,2001-07-22
181,181,181,2007-04-24,2012-05-23,472229.6,töötluses,2007-02-13
182,182,182,2019-04-07,2017-05-08,864643.2,töötluses,2009-07-14
183,183,183,2003-05-23,2016-05-02,959298.0,reserveeritud,2005-03-26
184,184,184,2010-12-10,2018-03-19,938516.9,katkestatud,2000-05-14
185,185,185,2005-05-11,2005-07-14,821718.1,katkestatud,2021-05-22
186,186,186,2006-09-06,2000-02-23,480279.1,katkestatud,2021-12-18
187,187,187,2014-09-18,2017-12-12,602467.7,töötluses,2021-02-08
188,188,188,2003-05-14,2007-03-07,827163.6,reserveeritud,2018-03-01
189,189,189,2013-09-22,2021-07-13,921781.0,katkestatud,2019-02-01
190,190,190,2020-07-14,2014-08-02,258940.3,katkestatud,2014-11-25
191,191,191,2016-03-23,2017-09-28,921109.4,töötluses,2018-04-29
192,192,192,2016-10-02,2008-05-01,341489.7,töötluses,2014-11-10
193,193,193,2020-12-05,2011-08-31,306270.7,töötluses,2005-08-30
194,194,194,2016-03-25,2015-10-17,536830.6,reserveeritud,2014-05-18
195,195,195,2001-04-06,2017-01-06,404307.6,reserveeritud,2022-01-21
196,196,196,2001-06-21,2014-08-30,989304.8,katkestatud,2015-07-13
197,197,197,2018-01-24,2010-06-12,437696.8,reserveeritud,2004-01-07
198,198,198,2000-05-14,2014-12-07,271769.7,töötluses,2010-02-10
199,199,199,2012-10-22,2008-03-27,740256.8,katkestatud,2019-08-15
200,200,200,2021-08-03,2004-06-16,10241.4,katkestatud,2014-05-05
201,201,201,2016-06-15,2020-03-12,674149.6,katkestatud,2020-05-01
202,202,202,2010-02-15,2003-01-01,628654.6,töötluses,2011-11-26
203,203,203,2011-10-26,2008-08-12,734873.9,töötluses,2001-02-12
204,204,204,2003-04-29,2009-10-18,851264.9,reserveeritud,2005-06-21
205,205,205,2000-10-22,2011-08-02,937354.0,töötluses,2009-07-06
206,206,206,2017-05-04,2007-08-16,972443.3,töötluses,2017-10-22
207,207,207,2000-02-27,2008-09-05,272259.8,katkestatud,2007-01-21
208,208,208,2021-11-25,2009-12-07,802814.0,töötluses,2014-08-04
209,209,209,2010-01-22,2000-08-10,254669.6,töötluses,2016-05-28
210,210,210,2000-08-26,2020-08-04,98980.1,töötluses,2020-07-30
211,211,211,2005-10-26,2017-03-28,232433.5,reserveeritud,2006-05-05
212,212,212,2009-01-12,2005-11-22,680549.5,reserveeritud,2015-10-14
213,213,213,2019-08-09,2019-05-12,68938.0,katkestatud,2004-01-07
214,214,214,2008-05-07,2020-07-29,207011.5,reserveeritud,2006-10-11
215,215,215,2011-08-31,2012-04-02,772074.5,katkestatud,2007-12-16
216,216,216,2019-01-13,2005-02-03,173575.3,reserveeritud,2017-06-07
217,217,217,2013-05-14,2002-06-01,104487.1,katkestatud,2016-05-02
218,218,218,2007-06-20,2002-04-07,111292.5,katkestatud,2014-09-12
219,219,219,2017-09-16,2009-02-28,227274.5,reserveeritud,2005-02-05
220,220,220,2018-06-09,2016-10-16,300468.2,reserveeritud,2008-03-06
221,221,221,2011-12-09,2015-12-01,77046.6,katkestatud,2019-10-21
222,222,222,2021-03-03,2002-04-21,344971.3,reserveeritud,2006-06-19
223,223,223,2006-05-26,2012-07-27,152373.4,katkestatud,2014-09-28
224,224,224,2011-05-11,2000-08-16,809989.8,reserveeritud,2011-01-14
225,225,225,2014-02-06,2005-05-29,753972.6,reserveeritud,2002-12-05
226,226,226,2002-02-02,2012-05-21,825546.6,töötluses,2002-02-07
227,227,227,2007-06-04,2012-06-22,66268.2,katkestatud,2003-07-15
228,228,228,2009-04-29,2007-04-29,84134.7,töötluses,2021-12-12
229,229,229,2015-09-14,2002-12-01,687073.8,katkestatud,2018-01-07
230,230,230,2014-02-25,2015-02-10,194281.1,reserveeritud,2018-12-30
231,231,231,2012-06-04,2003-03-20,371873.7,reserveeritud,2003-01-25
232,232,232,2004-11-24,2020-06-01,842513.5,katkestatud,2012-10-16
233,233,233,2010-06-13,2018-08-30,702271.5,töötluses,2011-07-10
234,234,234,2021-08-16,2007-11-27,880146.2,katkestatud,2019-03-25
235,235,235,2011-03-30,2004-01-17,820699.7,katkestatud,2005-03-27
236,236,236,2021-03-19,2015-07-09,889876.4,katkestatud,2014-06-28
237,237,237,2018-12-18,2018-09-29,289549.5,töötluses,2019-06-24
238,238,238,2022-06-12,2020-11-08,629273.6,katkestatud,2009-02-14
239,239,239,2001-08-19,2021-01-15,397875.9,katkestatud,2004-01-31
240,240,240,2020-11-25,2022-10-13,912881.0,töötluses,2012-04-13
241,241,241,2005-04-24,2022-06-23,561293.6,katkestatud,2010-04-01
242,242,242,2000-10-30,2010-01-06,89082.2,töötluses,2008-11-11
243,243,243,2015-03-15,2007-06-20,809296.7,katkestatud,2021-05-26
244,244,244,2007-12-28,2001-12-18,992118.5,töötluses,2001-06-26
245,245,245,2022-02-12,2012-06-15,201446.6,katkestatud,2004-05-29
246,246,246,2002-07-26,2006-05-14,700820.1,katkestatud,2011-01-29
247,247,247,2009-02-23,2007-10-17,464370.0,reserveeritud,2009-05-01
248,248,248,2010-04-05,2016-03-05,565513.7,reserveeritud,2005-03-13
249,249,249,2011-04-04,2013-05-06,585562.0,katkestatud,2006-08-17
250,250,250,2001-08-08,2002-09-15,579406.0,katkestatud,2009-10-15
251,251,251,2020-03-03,2005-11-27,533828.9,reserveeritud,2013-11-15
252,252,252,2007-01-15,2021-06-26,411833.3,reserveeritud,2001-10-31
253,253,253,2015-10-04,2000-07-12,485879.4,reserveeritud,2022-12-12
254,254,254,2009-08-09,2019-08-10,180315.6,katkestatud,2021-11-22
255,255,255,2022-05-07,2014-07-15,654770.0,töötluses,2017-10-08
256,256,256,2001-12-02,2012-05-11,520260.4,katkestatud,2007-03-20
257,257,257,2007-04-23,2018-03-10,839400.8,töötluses,2020-07-25
258,258,258,2002-03-22,2014-05-08,747317.9,reserveeritud,2020-01-23
259,259,259,2008-03-30,2005-05-25,941147.6,töötluses,2017-03-18
260,260,260,2016-04-14,2005-10-18,888337.6,reserveeritud,2016-06-17
261,261,261,2022-09-28,2003-09-20,463021.0,reserveeritud,2013-06-18
262,262,262,2005-02-17,2002-09-20,242421.5,katkestatud,2021-02-04
263,263,263,2022-08-27,2002-04-19,20260.9,töötluses,2014-09-13
264,264,264,2021-08-04,2000-10-02,394751.6,katkestatud,2002-08-13
265,265,265,2017-11-22,2012-04-25,226912.8,reserveeritud,2013-09-24
266,266,266,2019-07-07,2009-01-18,906957.7,katkestatud,2010-01-15
267,267,267,2001-06-09,2001-07-09,554259.8,reserveeritud,2002-04-18
268,268,268,2003-04-14,2019-03-15,609938.3,katkestatud,2008-04-25
269,269,269,2013-09-19,2003-09-14,358076.7,katkestatud,2011-10-23
270,270,270,2008-03-04,2006-09-16,784088.4,katkestatud,2017-02-17
271,271,271,2019-02-11,2007-07-02,671770.3,reserveeritud,2004-11-07
272,272,272,2012-09-02,2008-04-20,679328.1,katkestatud,2010-05-07
273,273,273,2015-09-26,2003-04-07,875221.2,töötluses,2019-12-04
274,274,274,2012-01-29,2022-01-10,791197.4,töötluses,2008-01-22
275,275,275,2011-03-31,2012-06-17,614075.9,töötluses,2005-07-09
276,276,276,2021-07-06,2012-12-16,909697.1,töötluses,2005-01-29
277,277,277,2014-08-11,2012-02-21,85323.1,katkestatud,2003-06-09
278,278,278,2016-09-26,2001-01-01,827473.6,töötluses,2005-06-22
279,279,279,2006-07-26,2011-12-21,441141.8,katkestatud,2022-10-05
280,280,280,2002-08-17,2000-03-27,573000.0,töötluses,2000-03-11
281,281,281,2009-06-14,2013-07-23,84368.6,katkestatud,2000-02-14
282,282,282,2000-09-13,2018-07-22,763899.1,töötluses,2002-06-24
283,283,283,2022-02-11,2016-09-10,419927.1,katkestatud,2017-06-18
284,284,284,2010-02-13,2013-09-08,5721.2,reserveeritud,2017-06-09
285,285,285,2014-08-04,2013-06-25,375116.4,töötluses,2019-10-06
286,286,286,2021-02-05,2006-07-09,530026.9,katkestatud,2003-12-24
287,287,287,2016-05-21,2007-12-05,745499.5,katkestatud,2013-10-20
288,288,288,2016-07-12,2003-04-01,310753.5,reserveeritud,2001-07-21
289,289,289,2007-03-15,2015-05-25,454481.7,reserveeritud,2002-09-29
290,290,290,2015-06-29,2004-12-20,267242.0,katkestatud,2022-12-22
291,291,291,2018-10-23,2004-05-20,935355.3,töötluses,2006-07-14
292,292,292,2003-01-24,2007-08-01,994147.3,reserveeritud,2012-02-27
293,293,293,2001-02-02,2007-09-20,690463.8,katkestatud,2015-02-04
294,294,294,2018-09-19,2022-11-22,545804.7,katkestatud,2018-11-16
295,295,295,2002-02-05,2020-01-21,890338.8,reserveeritud,2009-06-16
296,296,296,2010-11-20,2019-07-17,964155.2,katkestatud,2002-03-26
297,297,297,2010-05-07,2001-08-30,458932.0,katkestatud,2009-04-07
298,298,298,2005-02-06,2013-03-19,932041.5,töötluses,2019-11-24
299,299,299,2003-08-11,2015-12-19,775371.6,katkestatud,2007-05-30
300,300,300,2017-09-17,2006-11-05,920643.2,reserveeritud,2015-07-11
301,301,301,2006-07-11,2019-06-15,314967.4,töötluses,2017-03-07
302,302,302,2020-05-18,2011-04-13,543430.2,reserveeritud,2018-10-09
303,303,303,2001-03-29,2022-06-27,530982.4,töötluses,2003-09-15
304,304,304,2016-12-01,2020-05-04,954430.1,reserveeritud,2016-03-08
305,305,305,2010-01-11,2015-08-10,756783.9,katkestatud,2015-05-06
306,306,306,2010-07-05,2014-07-14,575495.9,katkestatud,2002-10-27
307,307,307,2017-01-15,2021-04-09,108848.3,reserveeritud,2018-03-11
308,308,308,2015-06-06,2014-01-15,443984.2,katkestatud,2008-08-30
309,309,309,2015-07-09,2018-10-29,429823.6,töötluses,2012-02-23
310,310,310,2002-08-30,2005-05-28,669780.2,reserveeritud,2014-12-25
311,311,311,2015-12-10,2020-06-18,539448.1,katkestatud,2002-05-03
312,312,312,2006-10-19,2021-06-29,189693.0,katkestatud,2014-01-18
313,313,313,2017-09-01,2012-03-04,570550.4,katkestatud,2012-09-13
314,314,314,2012-02-08,2010-05-27,964170.9,reserveeritud,2020-10-05
315,315,315,2014-04-03,2001-04-07,560851.0,reserveeritud,2021-01-21
316,316,316,2010-02-04,2012-07-21,976839.0,reserveeritud,2021-02-18
317,317,317,2001-04-19,2014-09-15,893213.6,töötluses,2011-09-29
318,318,318,2008-09-13,2015-12-10,108814.4,reserveeritud,2005-05-04
319,319,319,2015-07-19,2016-10-25,729478.9,reserveeritud,2017-06-21
320,320,320,2009-05-30,2009-12-08,11242.1,töötluses,2018-06-26
321,321,321,2018-07-07,2021-05-09,275986.7,töötluses,2001-04-15
322,322,322,2018-11-23,2015-01-31,215780.4,katkestatud,2004-09-14
323,323,323,2010-08-24,2002-11-25,239858.5,reserveeritud,2018-01-26
324,324,324,2015-12-20,2000-03-14,286245.3,reserveeritud,2022-11-21
325,325,325,2021-11-29,2011-05-13,524604.7,reserveeritud,2014-04-22
326,326,326,2012-01-17,2006-05-22,884777.3,katkestatud,2000-03-09
327,327,327,2003-04-06,2018-11-22,851205.3,reserveeritud,2014-06-09
328,328,328,2006-04-10,2016-11-19,512007.4,katkestatud,2016-03-11
329,329,329,2008-07-30,2004-01-08,883749.0,reserveeritud,2020-12-10
330,330,330,2016-09-24,2005-08-21,93044.8,katkestatud,2012-02-27
331,331,331,2010-08-18,2014-12-28,983318.0,reserveeritud,2010-07-11
332,332,332,2007-05-06,2017-10-01,534242.2,reserveeritud,2004-08-05
333,333,333,2007-12-18,2014-03-02,62029.7,katkestatud,2017-06-27
334,334,334,2010-08-27,2014-08-14,243509.2,töötluses,2002-04-20
335,335,335,2020-11-22,2008-07-21,682954.4,katkestatud,2004-11-25
336,336,336,2001-12-10,2020-03-20,80513.5,töötluses,2019-01-04
337,337,337,2006-12-31,2014-11-30,731759.1,töötluses,2010-06-13
338,338,338,2014-09-28,2001-03-11,725383.0,reserveeritud,2005-06-04
339,339,339,2021-02-23,2009-09-24,735092.8,reserveeritud,2022-03-26
340,340,340,2010-06-21,2019-05-11,918307.9,katkestatud,2022-01-19
341,341,341,2021-09-03,2017-11-25,150325.0,katkestatud,2009-08-16
342,342,342,2020-03-29,2016-02-13,59609.5,reserveeritud,2019-12-17
343,343,343,2018-05-07,2012-08-06,335129.3,töötluses,2017-09-23
344,344,344,2009-02-20,2010-02-08,10403.5,reserveeritud,2002-09-18
345,345,345,2016-10-24,2005-04-28,17788.0,reserveeritud,2006-05-09
346,346,346,2017-11-30,2015-10-04,128650.4,reserveeritud,2012-03-12
347,347,347,2005-04-30,2022-01-13,684081.2,töötluses,2009-03-25
348,348,348,2020-07-08,2018-03-27,360282.5,katkestatud,2008-09-23
349,349,349,2018-03-04,2012-09-17,175644.2,töötluses,2004-02-06
350,350,350,2021-06-03,2021-05-17,298585.7,töötluses,2018-05-31
351,351,351,2002-02-18,2010-02-05,745544.8,reserveeritud,2015-07-24
352,352,352,2007-02-17,2008-06-26,497948.2,töötluses,2008-10-28
353,353,353,2012-01-01,2019-07-22,513541.4,reserveeritud,2008-08-03
354,354,354,2003-03-06,2022-06-03,175448.2,töötluses,2014-03-17
355,355,355,2010-08-27,2013-09-10,239914.0,töötluses,2013-12-17
356,356,356,2017-11-03,2000-05-07,225485.8,katkestatud,2008-12-22
357,357,357,2010-10-23,2015-05-18,999114.7,reserveeritud,2006-04-13
358,358,358,2008-03-04,2021-07-09,891465.7,reserveeritud,2005-07-25
359,359,359,2015-07-15,2016-06-27,134728.1,katkestatud,2021-10-25
360,360,360,2017-04-07,2001-04-21,449535.5,reserveeritud,2002-12-07
361,361,361,2017-09-19,2013-07-31,239863.8,reserveeritud,2015-06-17
362,362,362,2007-04-20,2017-02-22,319148.4,töötluses,2022-01-21
363,363,363,2009-10-08,2007-03-03,838755.5,töötluses,2022-11-12
364,364,364,2011-08-22,2012-10-10,861407.3,töötluses,2018-09-06
365,365,365,2002-12-27,2018-11-25,581042.9,töötluses,2020-06-03
366,366,366,2005-07-16,2004-11-28,762944.0,reserveeritud,2012-05-02
367,367,367,2013-09-27,2006-07-15,463344.5,reserveeritud,2020-02-09
368,368,368,2008-08-18,2020-11-19,116254.5,reserveeritud,2014-01-17
369,369,369,2005-07-27,2005-07-14,23040.9,töötluses,2020-08-28
370,370,370,2002-11-08,2014-03-01,305646.7,töötluses,2001-01-19
371,371,371,2018-05-25,2012-03-24,626031.9,katkestatud,2004-02-02
372,372,372,2020-10-29,2000-05-01,481639.0,reserveeritud,2007-01-06
373,373,373,2000-11-11,2013-07-06,25324.4,töötluses,2020-09-19
374,374,374,2001-05-21,2013-11-07,988056.5,katkestatud,2004-06-20
375,375,375,2011-02-13,2000-03-05,813096.3,reserveeritud,2019-12-30
376,376,376,2022-04-20,2000-05-03,339350.2,reserveeritud,2003-11-30
377,377,377,2011-08-13,2021-04-21,654966.3,katkestatud,2001-07-03
378,378,378,2005-09-12,2001-04-13,895294.1,reserveeritud,2013-08-29
379,379,379,2004-04-12,2007-10-26,934389.6,töötluses,2010-06-23
380,380,380,2019-04-06,2018-09-01,809752.0,katkestatud,2018-06-25
381,381,381,2006-10-30,2000-02-07,579681.6,töötluses,2008-06-07
382,382,382,2005-01-17,2000-07-07,130044.8,katkestatud,2006-04-06
383,383,383,2016-09-10,2019-03-13,743444.9,katkestatud,2004-02-16
384,384,384,2010-12-15,2005-03-05,672206.6,töötluses,2009-07-18
385,385,385,2013-09-02,2009-03-05,665082.0,reserveeritud,2012-04-07
386,386,386,2005-07-24,2015-03-16,57096.0,katkestatud,2012-10-05
387,387,387,2010-09-28,2017-05-20,799325.5,katkestatud,2005-12-09
388,388,388,2012-10-11,2000-01-18,136843.4,töötluses,2004-07-18
389,389,389,2022-05-08,2005-07-04,326829.8,katkestatud,2017-04-01
390,390,390,2006-06-10,2016-02-28,416253.3,katkestatud,2016-01-17
391,391,391,2022-10-17,2006-04-23,345928.4,töötluses,2012-09-11
392,392,392,2007-11-24,2021-03-27,38124.0,reserveeritud,2016-08-19
393,393,393,2010-08-16,2015-03-08,688200.4,katkestatud,2009-01-18
394,394,394,2009-08-07,2000-12-03,549217.3,reserveeritud,2008-06-25
395,395,395,2007-12-29,2011-02-12,470714.9,katkestatud,2017-09-09
396,396,396,2002-12-10,2011-03-01,174983.9,katkestatud,2002-09-27
397,397,397,2006-04-15,2003-03-17,423359.9,katkestatud,2000-05-26
398,398,398,2017-08-19,2006-03-05,519807.1,katkestatud,2018-08-31
399,399,399,2020-07-03,2022-10-10,911391.1,töötluses,2000-03-12
400,400,400,2001-05-29,2014-07-18,368368.4,reserveeritud,2020-01-04
401,401,401,2014-11-20,2014-08-15,671335.9,katkestatud,2004-05-22
402,402,402,2017-02-27,2000-12-12,321097.7,töötluses,2021-02-04
403,403,403,2006-05-09,2019-05-20,109374.7,katkestatud,2002-06-26
404,404,404,2011-06-20,2021-06-11,467185.2,katkestatud,2019-11-01
405,405,405,2003-01-13,2009-01-24,198526.3,töötluses,2022-04-01
406,406,406,2019-03-08,2004-01-28,309802.0,reserveeritud,2017-02-03
407,407,407,2022-05-25,2010-08-19,239648.2,reserveeritud,2001-05-10
408,408,408,2014-07-12,2017-09-23,835919.6,katkestatud,2020-09-18
409,409,409,2008-02-23,2003-07-23,509759.4,katkestatud,2001-04-08
410,410,410,2005-06-16,2000-11-05,640462.9,töötluses,2000-11-22
411,411,411,2019-12-07,2000-07-23,114768.2,katkestatud,2018-10-31
412,412,412,2020-01-11,2005-04-10,847425.3,töötluses,2001-12-13
413,413,413,2021-07-03,2010-01-22,527375.1,katkestatud,2007-02-04
414,414,414,2014-01-15,2010-12-14,895437.5,katkestatud,2022-01-23
415,415,415,2007-04-06,2005-11-26,220773.6,töötluses,2020-11-26
416,416,416,2005-08-13,2003-10-13,943655.7,reserveeritud,2014-11-04
417,417,417,2014-08-30,2018-05-24,402024.4,reserveeritud,2021-05-06
418,418,418,2008-09-03,2013-03-14,603497.4,reserveeritud,2022-02-17
419,419,419,2012-06-24,2007-03-27,765534.6,reserveeritud,2002-09-13
420,420,420,2015-06-22,2004-04-06,801682.0,töötluses,2014-08-14
421,421,421,2007-11-08,2005-07-03,303946.5,reserveeritud,2001-02-24
422,422,422,2016-04-02,2022-06-17,189722.9,töötluses,2011-01-07
423,423,423,2006-02-12,2013-06-13,314974.4,reserveeritud,2005-12-06
424,424,424,2020-02-08,2019-11-12,315950.6,reserveeritud,2006-03-27
425,425,425,2007-04-23,2011-04-09,718459.9,töötluses,2022-02-09
426,426,426,2016-06-17,2007-05-26,827980.9,reserveeritud,2003-03-21
427,427,427,2002-06-17,2015-02-07,249843.8,töötluses,2006-04-06
428,428,428,2015-10-11,2014-12-06,809958.4,töötluses,2020-05-27
429,429,429,2007-09-11,2018-05-13,746141.9,katkestatud,2020-12-18
430,430,430,2010-10-27,2014-10-10,421299.4,reserveeritud,2002-02-19
431,431,431,2021-11-02,2019-03-21,52063.9,katkestatud,2006-06-26
432,432,432,2011-10-17,2021-09-25,472834.8,katkestatud,2022-06-04
433,433,433,2022-06-17,2011-06-12,629498.1,katkestatud,2006-03-11
434,434,434,2015-11-11,2017-09-01,610831.7,töötluses,2008-05-18
435,435,435,2011-07-14,2010-12-23,434588.3,reserveeritud,2020-02-24
436,436,436,2010-12-25,2006-05-01,531581.8,töötluses,2015-09-30
437,437,437,2009-02-09,2015-12-22,920068.3,katkestatud,2009-05-07
438,438,438,2014-09-01,2020-08-10,251845.0,katkestatud,2008-11-24
439,439,439,2009-04-19,2011-01-17,139385.4,reserveeritud,2019-10-13
440,440,440,2003-02-20,2004-12-17,217598.0,töötluses,2019-06-05
441,441,441,2019-12-23,2014-08-17,53935.6,katkestatud,2018-09-05
442,442,442,2018-04-10,2013-02-26,409455.5,reserveeritud,2012-10-03
443,443,443,2004-12-02,2014-04-24,516517.6,töötluses,2022-12-18
444,444,444,2006-12-23,2011-01-09,339057.9,töötluses,2019-10-30
445,445,445,2011-03-02,2006-03-03,665886.2,katkestatud,2014-05-30
446,446,446,2020-07-20,2013-10-11,542876.0,reserveeritud,2019-04-26
447,447,447,2019-11-29,2001-07-30,264887.4,katkestatud,2013-04-21
448,448,448,2010-03-12,2001-09-29,395099.4,töötluses,2002-07-28
449,449,449,2018-05-31,2012-11-28,847362.7,töötluses,2011-07-26
450,450,450,2009-06-02,2004-02-25,623131.4,katkestatud,2017-12-17
451,451,451,2010-09-01,2020-03-01,867703.1,reserveeritud,2019-03-16
452,452,452,2012-07-02,2001-04-17,444051.3,reserveeritud,2015-08-25
453,453,453,2013-09-29,2004-10-07,883564.5,töötluses,2003-11-07
454,454,454,2005-09-20,2010-06-08,692519.5,reserveeritud,2004-03-15
455,455,455,2021-03-07,2020-11-16,886191.0,reserveeritud,2014-07-03
456,456,456,2011-05-09,2022-12-10,68105.5,töötluses,2002-09-11
457,457,457,2010-02-03,2005-07-07,818884.2,töötluses,2009-07-26
458,458,458,2014-04-19,2001-12-04,369930.5,reserveeritud,2008-09-26
459,459,459,2011-03-02,2006-04-05,749067.7,reserveeritud,2004-07-26
460,460,460,2004-08-18,2010-06-09,912949.4,töötluses,2005-07-10
461,461,461,2016-08-30,2000-02-23,552858.5,reserveeritud,2008-09-16
462,462,462,2004-07-02,2003-09-22,13029.2,reserveeritud,2005-05-15
463,463,463,2005-06-18,2022-07-02,838673.1,reserveeritud,2022-12-19
464,464,464,2006-12-10,2007-03-21,838226.6,katkestatud,2006-10-24
465,465,465,2010-04-10,2004-12-02,62095.2,reserveeritud,2019-03-30
466,466,466,2013-04-01,2010-07-20,158792.5,töötluses,2019-12-24
467,467,467,2020-06-22,2005-07-24,20499.5,reserveeritud,2003-09-11
468,468,468,2001-07-07,2014-05-19,622199.6,reserveeritud,2015-10-04
469,469,469,2009-09-14,2011-01-30,135415.6,katkestatud,2001-09-24
470,470,470,2021-02-28,2021-06-23,912613.1,katkestatud,2007-04-30
471,471,471,2015-09-20,2020-08-31,782457.9,reserveeritud,2006-09-09
472,472,472,2018-11-02,2006-05-12,975568.1,töötluses,2013-03-23
473,473,473,2022-01-14,2000-04-21,342644.5,katkestatud,2007-12-19
474,474,474,2000-09-22,2020-10-14,295388.8,reserveeritud,2015-09-02
475,475,475,2018-04-25,2015-08-25,484973.9,katkestatud,2016-08-04
476,476,476,2018-03-27,2016-09-24,516192.9,töötluses,2017-05-09
477,477,477,2002-05-09,2005-06-03,555648.0,reserveeritud,2015-05-06
478,478,478,2022-07-25,2013-10-28,23825.8,reserveeritud,2020-05-31
479,479,479,2012-05-28,2012-02-02,136775.2,reserveeritud,2008-05-15
480,480,480,2016-07-20,2005-11-10,862477.7,katkestatud,2009-02-11
481,481,481,2015-08-02,2000-01-04,639365.5,töötluses,2002-11-21
482,482,482,2004-05-09,2006-05-09,828281.6,reserveeritud,2008-08-28
483,483,483,2011-08-02,2021-01-27,771214.7,töötluses,2007-08-13
484,484,484,2022-11-25,2015-04-17,340794.8,töötluses,2005-06-01
485,485,485,2020-10-20,2020-07-28,710454.9,töötluses,2004-03-01
486,486,486,2010-12-02,2021-12-24,979603.7,reserveeritud,2005-05-20
487,487,487,2022-09-18,2019-09-22,760523.6,töötluses,2008-11-14
488,488,488,2001-12-25,2007-12-31,804709.9,töötluses,2019-08-22
489,489,489,2005-10-15,2014-01-19,710520.1,reserveeritud,2006-12-02
490,490,490,2013-04-20,2013-10-24,277281.1,katkestatud,2011-10-06
491,491,491,2007-09-05,2003-08-31,47530.8,töötluses,2015-04-15
492,492,492,2021-08-09,2005-09-12,414012.1,katkestatud,2021-02-19
493,493,493,2006-04-20,2012-05-07,614641.6,reserveeritud,2011-12-31
494,494,494,2003-08-30,2000-07-03,79209.9,reserveeritud,2004-07-02
495,495,495,2022-01-21,2020-04-12,843980.7,katkestatud,2010-02-07
496,496,496,2010-05-27,2004-09-17,667456.9,katkestatud,2000-05-16
497,497,497,2014-08-27,2007-11-26,199989.1,töötluses,2008-01-01
498,498,498,2002-04-03,2016-03-17,402626.0,reserveeritud,2017-01-12
499,499,499,2020-09-23,2017-09-19,422511.5,katkestatud,2005-01-28
500,500,500,2009-02-10,2008-11-15,915590.6,töötluses,2007-12-07
501,501,501,2014-03-12,2013-04-17,152632.2,katkestatud,2006-02-02
502,502,502,2019-10-16,2017-06-22,2060.3,reserveeritud,2009-09-30
503,503,503,2006-10-24,2018-07-27,505733.9,reserveeritud,2018-10-07
504,504,504,2018-03-21,2001-05-29,231742.8,töötluses,2004-10-24
505,505,505,2004-05-31,2020-12-26,421530.2,katkestatud,2013-06-11
506,506,506,2002-11-10,2014-05-29,452608.4,reserveeritud,2005-01-08
507,507,507,2014-09-05,2004-04-20,565861.1,reserveeritud,2022-07-26
508,508,508,2004-10-04,2021-03-30,144064.1,töötluses,2005-12-01
509,509,509,2017-05-21,2022-09-25,439559.8,töötluses,2018-11-30
510,510,510,2003-11-26,2003-06-11,337283.3,töötluses,2011-04-16
511,511,511,2006-01-31,2004-05-29,902613.0,reserveeritud,2009-02-23
512,512,512,2021-09-06,2017-08-16,729080.9,katkestatud,2011-12-11
513,513,513,2010-02-22,2010-12-25,581872.8,katkestatud,2022-07-26
514,514,514,2014-06-30,2022-11-29,443318.0,katkestatud,2017-06-29
515,515,515,2018-07-28,2016-10-13,226289.0,töötluses,2005-11-29
516,516,516,2007-06-21,2005-03-18,361059.6,katkestatud,2000-11-07
517,517,517,2001-10-30,2006-06-21,888172.3,reserveeritud,2020-06-29
518,518,518,2011-12-24,2016-06-03,352437.3,katkestatud,2018-01-25
519,519,519,2009-10-02,2020-10-03,660532.6,töötluses,2007-11-12
520,520,520,2020-02-05,2008-08-12,77296.0,reserveeritud,2021-04-21
521,521,521,2007-05-21,2011-05-27,393139.4,reserveeritud,2005-12-21
522,522,522,2020-12-01,2010-05-01,362540.5,reserveeritud,2009-05-10
523,523,523,2009-08-05,2008-11-01,312111.2,reserveeritud,2003-04-08
524,524,524,2006-08-24,2007-04-17,760515.4,reserveeritud,2006-07-04
525,525,525,2009-07-15,2005-05-29,853307.9,reserveeritud,2017-12-08
526,526,526,2017-11-13,2018-02-09,166169.0,katkestatud,2001-10-12
527,527,527,2013-11-08,2000-06-03,636088.6,katkestatud,2001-04-03
528,528,528,2022-10-03,2022-11-27,612193.7,katkestatud,2000-05-12
529,529,529,2015-10-25,2002-03-18,175563.7,katkestatud,2002-11-08
530,530,530,2003-10-16,2020-09-15,578370.6,reserveeritud,2000-11-01
531,531,531,2018-02-22,2011-08-13,105189.3,töötluses,2015-09-18
532,532,532,2007-06-13,2016-01-18,243740.3,töötluses,2008-10-02
533,533,533,2020-11-03,2002-03-26,239965.6,katkestatud,2013-08-01
534,534,534,2013-02-10,2012-02-23,519039.9,reserveeritud,2007-06-22
535,535,535,2006-09-30,2006-02-12,670671.1,katkestatud,2015-02-21
536,536,536,2003-03-23,2007-07-30,579881.5,töötluses,2003-12-21
537,537,537,2018-07-29,2002-10-15,806848.6,reserveeritud,2015-02-03
538,538,538,2019-09-26,2008-05-21,938227.9,töötluses,2021-03-17
539,539,539,2017-02-21,2014-03-29,435796.1,reserveeritud,2018-03-29
540,540,540,2000-04-24,2021-07-20,468408.8,katkestatud,2009-02-22
541,541,541,2003-03-28,2015-05-03,81526.4,katkestatud,2011-11-07
542,542,542,2012-10-29,2010-10-11,758955.3,katkestatud,2018-01-21
543,543,543,2010-07-16,2002-12-09,383328.1,katkestatud,2003-09-03
544,544,544,2007-09-26,2011-01-30,784147.6,katkestatud,2022-01-18
545,545,545,2021-03-25,2013-08-31,589915.4,katkestatud,2008-05-12
546,546,546,2004-11-24,2008-11-11,545073.2,reserveeritud,2020-05-26
547,547,547,2013-01-24,2010-07-16,217160.5,reserveeritud,2019-11-17
548,548,548,2010-09-27,2007-12-21,402236.0,reserveeritud,2004-08-08
549,549,549,2019-06-25,2008-02-09,576202.2,töötluses,2004-01-29
550,550,550,2006-03-23,2022-02-26,562905.1,töötluses,2021-04-18
551,551,551,2004-04-17,2022-06-26,91665.5,katkestatud,2020-04-30
552,552,552,2010-03-26,2012-05-02,246874.4,töötluses,2003-10-27
553,553,553,2007-01-03,2017-10-19,674016.5,katkestatud,2016-06-04
554,554,554,2012-06-06,2000-04-26,997033.6,katkestatud,2018-11-23
555,555,555,2021-12-28,2019-02-05,254324.9,töötluses,2015-01-13
556,556,556,2000-03-18,2003-12-21,22650.8,töötluses,2009-04-21
557,557,557,2009-05-02,2013-02-11,728868.1,töötluses,2017-09-30
558,558,558,2013-05-15,2008-12-22,854830.8,reserveeritud,2009-02-10
559,559,559,2014-10-26,2008-01-19,24390.8,töötluses,2021-11-30
560,560,560,2011-03-15,2020-03-31,492154.4,reserveeritud,2008-03-24
561,561,561,2020-02-22,2005-06-27,907989.9,töötluses,2013-12-10
562,562,562,2022-12-05,2011-08-02,922564.5,reserveeritud,2015-03-16
563,563,563,2001-09-15,2003-06-08,635566.4,katkestatud,2011-12-04
564,564,564,2015-08-31,2000-04-15,615296.4,töötluses,2013-05-24
565,565,565,2021-04-26,2013-04-18,162960.9,reserveeritud,2002-10-06
566,566,566,2010-08-31,2013-04-07,572826.8,töötluses,2001-08-04
567,567,567,2017-01-30,2013-09-18,691106.4,töötluses,2005-02-16
568,568,568,2009-07-16,2009-08-18,424175.7,töötluses,2012-10-25
569,569,569,2005-11-26,2011-08-21,844090.6,töötluses,2021-05-31
570,570,570,2020-09-06,2002-01-28,94233.7,töötluses,2003-12-26
571,571,571,2020-01-28,2014-04-29,856295.4,reserveeritud,2007-07-15
572,572,572,2018-03-24,2011-05-18,749796.0,töötluses,2018-04-13
573,573,573,2004-03-05,2009-08-18,975312.1,reserveeritud,2002-12-06
574,574,574,2003-02-06,2014-01-11,739948.8,reserveeritud,2013-11-01
575,575,575,2005-02-20,2018-05-22,796607.1,töötluses,2020-06-27
576,576,576,2000-06-24,2006-07-24,401138.2,reserveeritud,2003-12-20
577,577,577,2020-08-17,2019-12-08,341453.9,reserveeritud,2018-11-18
578,578,578,2015-03-08,2019-09-07,657473.7,katkestatud,2019-03-09
579,579,579,2013-04-07,2009-12-25,3949.3,reserveeritud,2022-09-13
580,580,580,2010-01-13,2014-06-23,425250.2,reserveeritud,2022-02-19
581,581,581,2002-08-29,2006-08-26,217646.2,töötluses,2004-06-29
582,582,582,2005-07-25,2015-10-31,796012.7,töötluses,2022-09-22
583,583,583,2021-03-08,2016-07-01,770054.3,katkestatud,2003-11-03
584,584,584,2020-07-14,2015-11-28,665575.5,reserveeritud,2022-09-07
585,585,585,2003-12-08,2022-09-21,660413.7,reserveeritud,2020-05-24
586,586,586,2003-06-03,2009-08-16,390873.2,katkestatud,2020-05-15
587,587,587,2012-04-26,2007-10-23,526251.9,katkestatud,2008-11-24
588,588,588,2002-09-25,2019-10-03,604401.8,töötluses,2009-12-12
589,589,589,2000-03-12,2000-05-10,407586.4,reserveeritud,2007-06-19
590,590,590,2001-07-08,2008-04-06,472248.7,katkestatud,2012-05-07
591,591,591,2002-08-07,2004-09-19,107847.0,katkestatud,2007-04-19
592,592,592,2022-07-07,2002-04-10,738170.2,katkestatud,2005-01-26
593,593,593,2020-08-26,2015-05-30,39697.6,reserveeritud,2017-06-20
594,594,594,2006-12-28,2019-10-28,7852.6,töötluses,2004-01-10
595,595,595,2021-01-11,2001-03-21,571919.4,töötluses,2018-04-27
596,596,596,2020-10-15,2013-12-08,123756.5,töötluses,2009-03-05
597,597,597,2021-03-29,2011-07-08,291261.0,reserveeritud,2011-10-24
598,598,598,2004-06-13,2012-09-27,720369.1,katkestatud,2014-10-15
599,599,599,2004-05-10,2001-11-15,404440.6,katkestatud,2003-12-24
600,600,600,2016-03-30,2001-03-30,957511.8,reserveeritud,2005-09-29
601,601,601,2007-04-11,2010-02-21,79231.3,reserveeritud,2011-04-29
602,602,602,2013-11-01,2009-10-30,544735.8,katkestatud,2018-04-13
603,603,603,2003-09-30,2006-05-18,507991.6,töötluses,2015-07-14
604,604,604,2016-06-19,2002-05-04,185655.9,töötluses,2006-07-19
605,605,605,2004-03-04,2015-05-07,315449.3,reserveeritud,2001-02-23
606,606,606,2003-02-25,2020-09-23,827493.9,töötluses,2008-09-01
607,607,607,2008-11-10,2008-10-09,474714.1,reserveeritud,2020-03-14
608,608,608,2003-01-10,2013-04-16,158143.7,töötluses,2002-01-02
609,609,609,2011-05-27,2020-12-09,801508.4,töötluses,2014-08-18
610,610,610,2020-05-21,2010-11-10,160857.7,töötluses,2018-11-29
611,611,611,2015-05-16,2008-12-28,119860.6,katkestatud,2005-06-09
612,612,612,2022-06-16,2004-07-07,255996.9,töötluses,2006-02-28
613,613,613,2013-11-29,2016-07-30,648002.1,töötluses,2017-07-04
614,614,614,2015-07-31,2009-08-19,217711.2,töötluses,2005-03-13
615,615,615,2001-12-20,2016-05-31,188444.5,katkestatud,2005-11-04
616,616,616,2001-09-03,2015-08-10,732401.1,reserveeritud,2014-02-11
617,617,617,2004-11-29,2006-04-22,974488.5,katkestatud,2015-02-09
618,618,618,2006-04-26,2011-09-28,949912.3,reserveeritud,2011-09-21
619,619,619,2020-09-04,2011-01-10,215759.8,töötluses,2013-06-05
620,620,620,2010-11-11,2006-01-31,47038.5,reserveeritud,2003-09-25
621,621,621,2001-09-29,2020-01-03,507307.3,katkestatud,2004-03-17
622,622,622,2016-12-24,2005-12-06,874678.1,katkestatud,2014-02-07
623,623,623,2015-12-05,2004-03-14,204583.1,töötluses,2019-02-08
624,624,624,2003-03-18,2017-10-01,179357.9,töötluses,2003-04-24
625,625,625,2011-12-31,2013-01-22,906927.3,katkestatud,2022-03-11
626,626,626,2016-06-29,2010-09-24,63415.9,katkestatud,2019-07-30
627,627,627,2001-02-26,2012-06-10,533514.0,töötluses,2004-08-18
628,628,628,2018-09-06,2014-03-25,647517.0,katkestatud,2006-07-12
629,629,629,2021-08-06,2018-04-13,213582.0,reserveeritud,2009-03-14
630,630,630,2017-10-15,2001-09-08,947683.4,töötluses,2017-07-02
631,631,631,2000-01-22,2014-01-08,594148.1,katkestatud,2020-08-16
632,632,632,2020-08-05,2017-10-01,911577.3,töötluses,2021-03-29
633,633,633,2003-06-02,2011-08-20,275240.5,katkestatud,2000-11-03
634,634,634,2009-11-28,2011-05-03,896982.4,töötluses,2020-12-19
635,635,635,2002-04-03,2005-10-24,298344.3,töötluses,2005-01-31
636,636,636,2001-05-02,2013-12-24,406077.8,reserveeritud,2021-06-30
637,637,637,2018-08-07,2017-03-28,333568.4,katkestatud,2015-11-01
638,638,638,2011-02-01,2016-10-14,844314.0,katkestatud,2013-12-02
639,639,639,2020-12-28,2004-10-08,875470.6,töötluses,2015-06-26
640,640,640,2003-01-26,2011-01-02,87827.7,reserveeritud,2011-12-27
641,641,641,2020-07-20,2009-02-02,903489.7,reserveeritud,2021-03-14
642,642,642,2002-04-28,2021-04-27,5159.6,töötluses,2018-09-26
643,643,643,2003-09-07,2012-10-11,963699.0,töötluses,2006-01-15
644,644,644,2003-06-09,2000-11-21,184143.8,töötluses,2011-04-14
645,645,645,2018-09-11,2019-07-12,890260.4,töötluses,2017-09-17
646,646,646,2003-06-14,2017-02-01,409053.1,töötluses,2003-07-30
647,647,647,2008-06-16,2005-02-24,717301.6,katkestatud,2001-04-28
648,648,648,2009-06-08,2001-07-22,312408.9,töötluses,2012-03-28
649,649,649,2016-12-11,2000-09-23,849847.0,katkestatud,2005-12-13
650,650,650,2006-04-29,2019-05-28,760758.7,reserveeritud,2002-09-15
651,651,651,2013-03-23,2006-08-22,158692.1,töötluses,2000-04-21
652,652,652,2020-06-05,2021-12-16,731767.3,katkestatud,2017-09-19
653,653,653,2022-06-09,2002-02-08,402970.5,töötluses,2020-01-21
654,654,654,2019-07-06,2021-08-23,659974.9,reserveeritud,2014-09-14
655,655,655,2019-03-24,2009-03-04,333044.7,töötluses,2005-08-03
656,656,656,2000-03-18,2008-12-29,158694.1,töötluses,2006-01-17
657,657,657,2022-04-21,2015-11-11,906166.9,töötluses,2021-10-06
658,658,658,2008-01-02,2001-04-23,546652.9,töötluses,2018-08-01
659,659,659,2014-10-27,2008-12-01,612003.8,töötluses,2002-06-01
660,660,660,2010-10-04,2009-03-16,959791.6,katkestatud,2011-07-10
661,661,661,2016-03-03,2020-07-29,549308.6,töötluses,2006-05-06
662,662,662,2002-06-13,2016-09-28,306925.1,reserveeritud,2008-02-21
663,663,663,2003-12-01,2000-08-23,732481.5,reserveeritud,2001-05-24
664,664,664,2017-03-19,2006-12-01,377478.5,reserveeritud,2012-11-08
665,665,665,2020-06-24,2004-08-20,88260.4,katkestatud,2003-10-14
666,666,666,2012-05-20,2012-08-26,599404.8,reserveeritud,2011-11-08
667,667,667,2013-04-01,2003-10-29,201259.7,katkestatud,2018-10-16
668,668,668,2000-09-20,2011-05-31,179931.6,katkestatud,2010-05-13
669,669,669,2010-06-01,2018-08-15,862684.8,reserveeritud,2018-02-10
670,670,670,2010-02-13,2014-07-14,194694.9,katkestatud,2007-11-02
671,671,671,2009-09-29,2010-06-22,146881.7,reserveeritud,2010-08-20
672,672,672,2021-04-13,2016-07-24,5581.1,töötluses,2000-01-31
673,673,673,2004-11-24,2000-09-15,552068.8,töötluses,2022-01-03
674,674,674,2003-09-21,2004-04-17,852796.0,töötluses,2014-02-18
675,675,675,2014-08-10,2005-04-20,368744.1,töötluses,2020-01-15
676,676,676,2016-05-23,2006-07-11,745618.1,reserveeritud,2005-04-04
677,677,677,2018-01-18,2002-05-28,35705.4,töötluses,2000-03-06
678,678,678,2019-02-21,2003-09-21,235829.6,reserveeritud,2006-01-22
679,679,679,2005-12-04,2021-04-01,441139.8,katkestatud,2004-06-23
680,680,680,2019-04-24,2008-04-15,989393.9,katkestatud,2008-05-05
681,681,681,2022-01-01,2012-07-26,125780.8,reserveeritud,2015-03-30
682,682,682,2011-11-10,2012-05-07,586286.5,katkestatud,2022-12-02
683,683,683,2015-01-18,2010-06-14,651056.3,katkestatud,2007-07-16
684,684,684,2003-02-15,2009-12-10,971774.0,töötluses,2003-02-04
685,685,685,2007-10-11,2010-04-07,636790.1,katkestatud,2006-06-17
686,686,686,2022-01-16,2007-06-28,319666.1,reserveeritud,2007-11-17
687,687,687,2009-08-14,2021-07-07,986258.1,reserveeritud,2018-05-07
688,688,688,2000-04-19,2014-10-22,40878.1,reserveeritud,2022-08-09
689,689,689,2010-04-28,2001-01-17,32058.1,töötluses,2019-08-19
690,690,690,2012-05-07,2001-10-15,131390.3,reserveeritud,2000-06-24
691,691,691,2003-02-15,2000-07-22,792584.6,katkestatud,2022-04-07
692,692,692,2007-06-27,2015-09-23,222373.7,reserveeritud,2013-07-20
693,693,693,2020-04-30,2005-09-30,69294.6,töötluses,2003-01-06
694,694,694,2013-07-02,2006-03-04,169654.8,töötluses,2018-01-02
695,695,695,2013-06-12,2018-06-18,803623.2,reserveeritud,2012-05-17
696,696,696,2002-03-02,2014-01-12,591941.4,katkestatud,2010-07-21
697,697,697,2009-06-23,2004-04-29,565695.2,reserveeritud,2019-10-18
698,698,698,2018-04-07,2017-01-24,544379.6,katkestatud,2014-08-21
699,699,699,2003-09-12,2011-07-04,864169.9,katkestatud,2014-05-22
700,700,700,2000-06-01,2006-08-06,213021.3,katkestatud,2000-04-29
701,701,701,2003-06-14,2013-02-22,245779.3,reserveeritud,2016-02-11
702,702,702,2004-03-28,2005-08-07,912776.2,töötluses,2012-10-11
703,703,703,2009-01-01,2022-07-10,917324.8,töötluses,2006-12-15
704,704,704,2015-11-05,2001-01-02,347194.8,katkestatud,2002-09-14
705,705,705,2003-10-16,2013-07-19,32749.2,reserveeritud,2002-01-15
706,706,706,2011-02-11,2003-05-19,159735.6,reserveeritud,2013-06-15
707,707,707,2004-10-23,2016-11-10,137774.1,katkestatud,2002-09-22
708,708,708,2004-10-22,2003-10-29,148233.7,katkestatud,2008-07-02
709,709,709,2011-11-06,2016-09-21,148941.8,reserveeritud,2004-10-24
710,710,710,2012-02-26,2011-07-12,242135.3,katkestatud,2004-05-16
711,711,711,2016-11-29,2003-09-04,278419.4,reserveeritud,2011-09-29
712,712,712,2006-10-05,2016-05-12,405454.7,reserveeritud,2022-08-15
713,713,713,2004-05-22,2004-05-03,535174.5,töötluses,2006-08-13
714,714,714,2016-05-07,2003-09-07,367436.2,reserveeritud,2000-08-26
715,715,715,2002-10-11,2005-07-14,295773.5,reserveeritud,2020-11-30
716,716,716,2020-12-13,2005-01-16,536134.5,töötluses,2022-07-17
717,717,717,2007-12-06,2015-01-12,814450.2,töötluses,2019-01-15
718,718,718,2010-09-16,2015-10-11,974047.3,reserveeritud,2002-01-29
719,719,719,2016-08-21,2001-08-14,784489.1,töötluses,2019-08-27
720,720,720,2018-09-29,2017-02-06,916775.2,katkestatud,2021-03-02
721,721,721,2010-09-12,2012-09-08,298807.6,reserveeritud,2005-09-04
722,722,722,2015-03-20,2016-08-07,762797.5,töötluses,2020-07-18
723,723,723,2006-01-31,2001-07-31,456879.3,reserveeritud,2005-06-13
724,724,724,2004-03-13,2007-09-05,594498.2,reserveeritud,2009-11-12
725,725,725,2003-01-19,2016-04-08,391007.0,reserveeritud,2020-07-06
726,726,726,2008-04-24,2003-03-27,591452.3,töötluses,2000-06-03
727,727,727,2012-02-12,2007-04-02,215316.9,reserveeritud,2011-03-19
728,728,728,2007-06-21,2019-12-31,11721.0,katkestatud,2022-01-14
729,729,729,2003-02-19,2011-07-24,13236.7,katkestatud,2002-11-12
730,730,730,2006-10-25,2018-05-27,30291.5,katkestatud,2013-10-21
731,731,731,2012-09-15,2009-02-03,562168.8,töötluses,2012-12-07
732,732,732,2009-10-21,2011-06-06,85231.1,katkestatud,2004-06-21
733,733,733,2014-10-19,2020-02-17,449135.7,reserveeritud,2022-06-01
734,734,734,2002-05-07,2022-05-24,83479.6,töötluses,2008-03-21
735,735,735,2019-06-06,2021-06-05,919883.3,katkestatud,2004-03-03
736,736,736,2004-05-01,2022-05-09,502302.9,katkestatud,2022-04-01
737,737,737,2009-06-04,2005-10-10,52228.6,reserveeritud,2000-05-06
738,738,738,2001-07-25,2019-03-21,536880.1,katkestatud,2021-03-25
739,739,739,2022-04-01,2012-06-28,579381.1,reserveeritud,2012-07-26
740,740,740,2013-09-29,2011-01-28,531566.4,reserveeritud,2009-08-29
741,741,741,2018-01-23,2003-05-10,273763.6,katkestatud,2012-08-31
742,742,742,2014-12-10,2013-12-26,289657.3,töötluses,2021-05-07
743,743,743,2009-11-08,2002-08-08,903709.8,reserveeritud,2005-11-15
744,744,744,2001-04-20,2017-04-20,686415.4,katkestatud,2008-05-28
745,745,745,2010-05-17,2011-04-05,164531.4,katkestatud,2016-06-07
746,746,746,2000-09-30,2007-04-06,245459.0,reserveeritud,2007-10-05
747,747,747,2006-09-09,2006-11-02,891039.1,töötluses,2022-11-08
748,748,748,2020-08-16,2013-05-16,546764.4,töötluses,2015-02-28
749,749,749,2020-02-16,2004-09-23,308000.8,reserveeritud,2015-12-24
750,750,750,2001-04-18,2010-03-21,310365.9,katkestatud,2001-05-20
751,751,751,2013-01-21,2006-03-19,755621.2,töötluses,2008-10-19
752,752,752,2008-07-29,2015-09-15,363237.0,töötluses,2006-08-26
753,753,753,2001-02-06,2018-12-10,887740.0,reserveeritud,2020-05-24
754,754,754,2001-08-07,2008-10-05,932361.7,töötluses,2017-12-09
755,755,755,2018-12-29,2008-01-28,109469.4,katkestatud,2020-03-09
756,756,756,2022-01-18,2004-07-03,668673.5,töötluses,2006-07-14
757,757,757,2005-02-10,2011-02-11,64428.8,katkestatud,2004-10-18
758,758,758,2007-06-19,2005-05-24,317855.5,reserveeritud,2020-09-29
759,759,759,2022-01-03,2004-08-21,218731.4,töötluses,2004-09-21
760,760,760,2016-06-15,2010-10-22,241919.6,töötluses,2013-08-27
761,761,761,2009-07-24,2011-04-09,376104.9,katkestatud,2015-11-23
762,762,762,2001-06-16,2008-11-26,343478.2,reserveeritud,2015-12-27
763,763,763,2013-05-06,2010-09-17,76945.0,töötluses,2013-05-23
764,764,764,2020-09-06,2020-11-28,629824.6,reserveeritud,2000-04-09
765,765,765,2008-12-25,2007-12-05,209945.6,reserveeritud,2006-05-21
766,766,766,2005-02-12,2001-10-01,770868.1,katkestatud,2015-04-18
767,767,767,2019-09-10,2019-10-28,795583.6,töötluses,2009-04-05
768,768,768,2015-12-18,2018-10-05,443536.7,töötluses,2021-10-13
769,769,769,2003-03-24,2009-05-04,245597.6,katkestatud,2002-04-06
770,770,770,2002-10-21,2021-01-18,534093.7,katkestatud,2009-08-24
771,771,771,2008-07-04,2014-02-19,482332.9,töötluses,2000-12-15
772,772,772,2006-12-06,2007-06-11,316193.0,töötluses,2019-04-30
773,773,773,2012-09-20,2008-07-07,14761.7,katkestatud,2013-02-28
774,774,774,2001-06-03,2015-08-04,383055.2,töötluses,2011-06-04
775,775,775,2014-01-24,2013-05-14,50930.4,töötluses,2008-04-07
776,776,776,2011-07-20,2017-08-25,30271.2,reserveeritud,2020-04-29
777,777,777,2014-11-07,2011-06-29,696015.7,reserveeritud,2018-09-11
778,778,778,2017-11-26,2014-05-24,212156.7,töötluses,2006-03-22
779,779,779,2010-03-02,2003-01-17,790888.9,töötluses,2019-12-19
780,780,780,2016-10-07,2016-10-04,272346.2,katkestatud,2009-08-15
781,781,781,2015-04-22,2006-03-22,844637.5,katkestatud,2017-08-14
782,782,782,2012-12-23,2019-12-17,873728.1,reserveeritud,2021-07-18
783,783,783,2009-04-12,2015-10-04,218284.1,katkestatud,2013-08-09
784,784,784,2014-01-22,2002-08-27,839130.4,katkestatud,2004-08-19
785,785,785,2020-10-31,2021-06-08,872934.5,reserveeritud,2008-10-27
786,786,786,2013-07-04,2002-02-17,65072.9,katkestatud,2007-07-15
787,787,787,2020-10-12,2015-02-11,959088.6,katkestatud,2004-03-04
788,788,788,2007-07-19,2022-07-22,932458.1,töötluses,2013-06-30
789,789,789,2012-05-01,2004-09-07,883886.2,reserveeritud,2020-10-19
790,790,790,2004-01-23,2006-11-05,974179.6,töötluses,2003-02-23
791,791,791,2020-09-13,2012-05-16,250173.2,töötluses,2010-05-04
792,792,792,2002-07-09,2021-09-19,297988.9,reserveeritud,2015-08-07
793,793,793,2006-02-24,2004-06-02,401304.3,katkestatud,2002-03-21
794,794,794,2007-07-29,2005-06-01,544394.1,reserveeritud,2018-05-13
795,795,795,2019-07-02,2013-08-29,497049.9,töötluses,2012-10-17
796,796,796,2021-05-05,2002-06-11,693653.5,töötluses,2013-10-18
797,797,797,2004-10-19,2003-04-08,857569.5,katkestatud,2009-11-05
798,798,798,2000-01-18,2004-11-27,338164.5,töötluses,2011-04-17
799,799,799,2017-10-31,2006-04-02,484761.6,katkestatud,2005-07-24
800,800,800,2011-01-13,2019-01-30,212244.8,katkestatud,2022-05-25
801,801,801,2016-06-24,2005-03-11,578676.9,reserveeritud,2007-07-10
802,802,802,2022-03-04,2005-11-05,305663.3,katkestatud,2010-12-24
803,803,803,2018-05-13,2015-04-29,626459.1,reserveeritud,2004-11-14
804,804,804,2022-11-01,2001-09-02,105721.4,töötluses,2021-07-04
805,805,805,2000-08-29,2003-02-27,392627.8,katkestatud,2000-08-02
806,806,806,2020-03-03,2007-10-06,604210.2,reserveeritud,2022-03-20
807,807,807,2010-09-09,2013-12-22,904520.0,katkestatud,2006-11-19
808,808,808,2015-07-02,2006-01-30,871526.4,reserveeritud,2020-05-26
809,809,809,2005-11-26,2008-09-23,809722.6,reserveeritud,2008-11-29
810,810,810,2002-08-03,2004-03-05,121276.4,reserveeritud,2015-11-28
811,811,811,2004-01-16,2010-12-17,841670.7,katkestatud,2002-09-15
812,812,812,2002-07-09,2002-07-09,859349.6,reserveeritud,2016-01-30
813,813,813,2016-06-29,2012-10-25,499082.9,reserveeritud,2000-03-22
814,814,814,2013-11-05,2011-07-04,187456.4,reserveeritud,2014-03-06
815,815,815,2000-12-10,2021-10-12,99506.5,töötluses,2011-04-22
816,816,816,2013-03-19,2000-03-03,283567.8,katkestatud,2007-01-17
817,817,817,2021-09-30,2012-08-21,6862.5,katkestatud,2006-06-09
818,818,818,2002-05-18,2004-10-17,285043.1,töötluses,2017-06-10
819,819,819,2012-07-02,2000-05-17,561883.1,katkestatud,2002-05-12
820,820,820,2012-11-11,2014-03-26,313659.2,katkestatud,2022-11-03
821,821,821,2013-10-06,2016-03-20,889346.5,katkestatud,2001-04-23
822,822,822,2012-03-13,2011-10-25,264969.4,reserveeritud,2022-12-16
823,823,823,2006-05-19,2016-02-15,515092.9,töötluses,2000-08-13
824,824,824,2012-06-23,2003-09-23,90770.1,katkestatud,2008-08-25
825,825,825,2017-04-29,2012-07-05,217474.9,katkestatud,2003-04-15
826,826,826,2001-09-18,2010-10-01,801113.3,reserveeritud,2011-04-30
827,827,827,2016-04-24,2012-05-13,171696.6,katkestatud,2011-05-15
828,828,828,2009-04-17,2012-02-07,484048.8,reserveeritud,2017-04-16
829,829,829,2006-11-05,2008-02-02,854071.6,töötluses,2008-08-04
830,830,830,2008-03-24,2018-10-23,217653.7,katkestatud,2018-07-16
831,831,831,2004-12-13,2000-12-20,917081.9,katkestatud,2002-01-24
832,832,832,2017-08-20,2010-05-28,795952.8,reserveeritud,2013-07-31
833,833,833,2017-11-27,2005-02-18,498238.0,töötluses,2019-10-23
834,834,834,2016-12-06,2003-12-03,444054.9,töötluses,2003-04-26
835,835,835,2006-03-02,2018-08-05,180104.0,töötluses,2005-12-17
836,836,836,2013-07-05,2011-07-12,706315.2,töötluses,2000-09-30
837,837,837,2000-05-16,2022-10-30,207593.8,reserveeritud,2018-08-27
838,838,838,2000-05-08,2009-09-02,973073.1,töötluses,2005-03-15
839,839,839,2008-11-22,2021-10-10,153331.7,töötluses,2006-08-06
840,840,840,2020-07-26,2006-02-01,216641.6,töötluses,2016-10-06
841,841,841,2000-11-08,2008-02-29,614103.7,töötluses,2022-10-07
842,842,842,2018-03-24,2002-01-23,705395.1,katkestatud,2021-08-30
843,843,843,2022-11-15,2006-08-30,323704.3,katkestatud,2008-10-12
844,844,844,2022-12-14,2017-08-08,604936.8,katkestatud,2020-09-06
845,845,845,2009-08-03,2004-04-26,523601.3,töötluses,2010-02-22
846,846,846,2013-01-12,2021-08-08,886754.5,reserveeritud,2015-04-23
847,847,847,2017-10-01,2016-09-04,610589.7,katkestatud,2017-11-10
848,848,848,2012-11-25,2021-04-30,866875.7,katkestatud,2011-05-10
849,849,849,2005-06-16,2013-10-06,988992.1,töötluses,2014-06-19
850,850,850,2021-09-22,2000-10-21,760795.6,reserveeritud,2011-05-29
851,851,851,2022-09-11,2016-09-08,280235.2,katkestatud,2018-05-25
852,852,852,2004-07-13,2020-05-24,517595.1,töötluses,2015-03-25
853,853,853,2013-03-10,2013-07-12,579802.4,töötluses,2019-07-03
854,854,854,2020-02-26,2014-10-03,731237.0,katkestatud,2007-01-18
855,855,855,2006-06-15,2013-12-20,505370.5,töötluses,2014-07-26
856,856,856,2014-03-23,2013-12-12,967621.3,katkestatud,2008-10-11
857,857,857,2005-11-04,2000-03-10,211004.9,töötluses,2001-08-31
858,858,858,2008-07-23,2002-10-28,634594.1,katkestatud,2019-03-29
859,859,859,2017-07-18,2006-04-06,539854.0,reserveeritud,2000-10-29
860,860,860,2015-06-07,2017-08-25,939987.5,töötluses,2013-04-14
861,861,861,2020-07-07,2014-12-27,393818.4,katkestatud,2017-01-02
862,862,862,2009-03-20,2010-11-21,137828.8,katkestatud,2000-10-01
863,863,863,2011-07-14,2009-08-26,21795.7,reserveeritud,2009-08-26
864,864,864,2004-04-26,2020-07-13,164294.0,töötluses,2022-06-20
865,865,865,2010-05-05,2017-06-14,613151.3,reserveeritud,2013-02-08
866,866,866,2014-06-05,2017-12-30,29030.7,katkestatud,2012-07-02
867,867,867,2000-08-14,2022-12-14,500438.3,reserveeritud,2021-03-08
868,868,868,2011-09-07,2010-02-05,322102.1,katkestatud,2016-06-29
869,869,869,2005-01-16,2017-04-03,897043.2,katkestatud,2014-04-23
870,870,870,2010-10-13,2004-08-19,274469.9,töötluses,2001-04-20
871,871,871,2010-03-04,2016-02-12,249857.3,reserveeritud,2007-03-16
872,872,872,2005-01-16,2022-06-20,222733.5,töötluses,2010-01-07
873,873,873,2007-12-19,2017-07-14,488162.6,katkestatud,2016-03-30
874,874,874,2015-10-12,2001-04-01,717660.7,töötluses,2018-10-27
875,875,875,2009-05-23,2014-10-27,984622.2,reserveeritud,2002-01-02
876,876,876,2015-08-22,2012-03-29,381542.1,töötluses,2002-01-11
877,877,877,2012-09-07,2000-02-14,930694.4,reserveeritud,2002-03-27
878,878,878,2010-04-20,2017-09-18,237583.0,töötluses,2013-04-27
879,879,879,2009-08-13,2018-08-15,593715.6,töötluses,2011-06-16
880,880,880,2003-07-09,2011-02-02,388777.7,katkestatud,2020-09-30
881,881,881,2014-08-22,2021-10-05,812068.6,töötluses,2006-04-16
882,882,882,2008-12-21,2001-01-23,36127.3,reserveeritud,2021-03-19
883,883,883,2004-01-12,2001-08-22,636124.3,reserveeritud,2001-11-04
884,884,884,2001-05-20,2009-01-04,413998.5,reserveeritud,2002-06-06
885,885,885,2010-12-25,2006-06-14,437923.8,katkestatud,2022-05-28
886,886,886,2021-07-17,2012-08-11,327628.6,töötluses,2017-09-17
887,887,887,2010-10-01,2018-01-22,968949.0,katkestatud,2007-10-26
888,888,888,2012-05-15,2014-08-23,521778.8,töötluses,2004-11-06
889,889,889,2013-12-19,2007-10-03,769735.3,reserveeritud,2009-01-05
890,890,890,2020-05-11,2019-06-11,402862.2,reserveeritud,2017-03-03
891,891,891,2013-11-05,2016-11-03,331175.6,töötluses,2015-12-06
892,892,892,2022-01-09,2019-07-07,870154.5,töötluses,2015-11-04
893,893,893,2007-08-05,2021-04-10,920362.7,reserveeritud,2021-03-01
894,894,894,2004-06-03,2017-09-13,110830.3,töötluses,2004-09-17
895,895,895,2002-07-29,2019-11-17,931377.3,töötluses,2001-06-12
896,896,896,2010-02-16,2011-12-28,412480.6,katkestatud,2021-10-02
897,897,897,2002-03-15,2010-08-07,593616.1,katkestatud,2018-10-05
898,898,898,2013-03-26,2011-04-14,434653.6,reserveeritud,2012-09-17
899,899,899,2009-04-25,2010-02-24,659910.4,reserveeritud,2000-06-15
900,900,900,2019-07-29,2001-12-27,909601.7,reserveeritud,2000-01-17
901,901,901,2015-11-23,2019-04-18,572549.5,katkestatud,2007-12-26
902,902,902,2017-03-10,2014-12-17,552349.0,reserveeritud,2004-09-13
903,903,903,2021-03-31,2001-12-20,694949.5,töötluses,2000-01-27
904,904,904,2002-05-05,2021-10-12,814954.2,katkestatud,2004-10-13
905,905,905,2010-11-29,2008-04-10,699998.1,reserveeritud,2009-09-10
906,906,906,2012-03-18,2021-12-29,711136.7,katkestatud,2000-05-20
907,907,907,2014-01-08,2010-12-27,460626.1,töötluses,2017-11-18
908,908,908,2022-09-09,2003-03-15,211044.7,katkestatud,2022-06-02
909,909,909,2010-03-20,2016-11-29,766284.3,katkestatud,2013-05-26
910,910,910,2000-03-01,2012-03-01,194095.3,katkestatud,2002-12-18
911,911,911,2007-11-11,2007-07-22,773811.9,töötluses,2005-12-04
912,912,912,2003-11-12,2018-02-18,660057.1,töötluses,2004-10-28
913,913,913,2004-03-23,2016-05-09,260526.1,reserveeritud,2004-10-20
914,914,914,2004-06-11,2018-02-18,639402.5,katkestatud,2000-10-17
915,915,915,2016-06-09,2020-01-23,570778.9,reserveeritud,2018-11-04
916,916,916,2001-05-17,2014-09-10,460539.3,katkestatud,2002-02-18
917,917,917,2020-01-12,2004-02-27,657856.8,töötluses,2000-10-19
918,918,918,2014-03-13,2017-08-18,573326.9,töötluses,2011-10-11
919,919,919,2006-05-27,2017-10-22,404563.2,reserveeritud,2014-04-25
920,920,920,2001-05-16,2007-05-25,350979.2,katkestatud,2003-12-13
921,921,921,2009-05-26,2009-08-30,206226.1,töötluses,2000-07-27
922,922,922,2018-12-22,2017-11-04,496504.8,katkestatud,2009-04-06
923,923,923,2022-06-18,2014-10-08,692362.4,katkestatud,2012-07-07
924,924,924,2009-08-02,2002-12-01,488125.2,töötluses,2015-03-18
925,925,925,2019-06-18,2000-05-01,988165.8,katkestatud,2003-08-23
926,926,926,2012-05-22,2005-02-06,149788.9,katkestatud,2015-12-17
927,927,927,2021-01-20,2014-05-05,623017.2,katkestatud,2013-02-02
928,928,928,2005-04-16,2008-08-18,290632.6,töötluses,2008-08-14
929,929,929,2021-03-28,2017-10-17,722469.9,katkestatud,2022-11-19
930,930,930,2018-01-16,2022-12-18,62485.3,katkestatud,2004-05-24
931,931,931,2003-12-26,2016-01-25,217945.3,töötluses,2019-12-04
932,932,932,2016-12-18,2008-11-22,125787.7,töötluses,2004-03-11
933,933,933,2008-04-12,2018-10-03,969288.0,reserveeritud,2011-08-06
934,934,934,2008-06-08,2006-01-26,372044.3,reserveeritud,2004-05-27
935,935,935,2012-12-25,2013-01-01,18935.6,reserveeritud,2001-01-20
936,936,936,2015-09-12,2004-07-23,312599.3,katkestatud,2009-07-22
937,937,937,2007-04-27,2016-07-25,624096.0,katkestatud,2014-07-06
938,938,938,2004-04-30,2002-01-16,839888.3,reserveeritud,2008-11-20
939,939,939,2019-08-10,2016-03-03,33581.1,reserveeritud,2017-08-23
940,940,940,2000-06-03,2010-07-06,921494.9,töötluses,2000-06-06
941,941,941,2020-06-20,2011-11-19,11015.6,töötluses,2004-05-20
942,942,942,2019-03-11,2003-05-29,622207.7,katkestatud,2001-03-03
943,943,943,2015-11-05,2021-03-04,217710.0,töötluses,2014-08-01
944,944,944,2007-11-07,2009-09-19,194268.4,reserveeritud,2016-05-19
945,945,945,2008-03-29,2006-03-22,909930.3,reserveeritud,2013-07-05
946,946,946,2022-12-22,2011-05-27,299524.9,reserveeritud,2002-07-20
947,947,947,2021-02-23,2016-09-22,787160.1,katkestatud,2015-03-28
948,948,948,2014-08-05,2007-03-26,456820.5,katkestatud,2004-12-24
949,949,949,2005-12-27,2006-09-23,620570.4,katkestatud,2003-11-28
950,950,950,2005-07-24,2012-09-15,519487.7,reserveeritud,2014-03-11
951,951,951,2006-09-08,2002-05-31,48980.6,reserveeritud,2003-04-21
952,952,952,2007-05-01,2004-08-09,675469.7,katkestatud,2001-10-08
953,953,953,2004-09-24,2014-12-05,85463.6,töötluses,2003-08-21
954,954,954,2005-02-22,2012-12-29,124224.3,katkestatud,2020-05-20
955,955,955,2020-08-19,2004-12-27,219467.9,töötluses,2005-09-02
956,956,956,2010-10-26,2018-05-03,117579.3,reserveeritud,2012-07-01
957,957,957,2006-09-28,2022-09-01,189675.0,töötluses,2013-05-31
958,958,958,2012-05-07,2017-12-15,35768.5,reserveeritud,2015-03-15
959,959,959,2021-07-01,2013-01-31,104086.3,reserveeritud,2022-10-26
960,960,960,2020-03-25,2011-12-18,850038.9,töötluses,2017-12-18
961,961,961,2019-06-13,2014-06-07,644537.0,reserveeritud,2022-12-08
962,962,962,2021-05-26,2003-03-05,237148.5,katkestatud,2018-07-13
963,963,963,2019-03-12,2021-01-19,710361.9,töötluses,2007-10-16
964,964,964,2006-03-11,2010-07-01,256391.3,reserveeritud,2000-01-28
965,965,965,2016-03-25,2017-10-21,347580.5,katkestatud,2003-01-27
966,966,966,2012-05-23,2019-05-13,596484.8,töötluses,2004-04-05
967,967,967,2015-03-17,2012-06-22,692481.1,reserveeritud,2020-10-08
968,968,968,2019-01-30,2005-05-11,896483.4,reserveeritud,2012-09-04
969,969,969,2005-07-01,2003-08-25,969137.0,reserveeritud,2018-03-02
970,970,970,2002-05-14,2007-02-07,144401.9,töötluses,2017-12-03
971,971,971,2008-07-28,2000-01-22,172795.1,katkestatud,2021-05-28
972,972,972,2017-04-04,2004-10-16,978322.9,töötluses,2001-10-12
973,973,973,2018-02-24,2002-06-16,82943.0,reserveeritud,2013-10-08
974,974,974,2011-01-19,2011-12-14,653916.4,töötluses,2009-08-27
975,975,975,2004-01-13,2007-09-10,88405.1,reserveeritud,2014-12-13
976,976,976,2004-12-14,2007-06-23,386519.1,reserveeritud,2009-11-05
977,977,977,2017-02-07,2015-01-11,54405.9,reserveeritud,2010-02-13
978,978,978,2009-08-31,2002-03-18,460145.3,reserveeritud,2016-10-07
979,979,979,2003-07-21,2012-06-17,142431.7,reserveeritud,2004-01-25
980,980,980,2000-05-07,2000-05-12,203703.3,katkestatud,2009-04-12
981,981,981,2007-01-16,2001-08-05,852721.6,töötluses,2012-03-02
982,982,982,2009-05-23,2019-04-13,511450.6,katkestatud,2017-09-26
983,983,983,2006-08-09,2013-07-03,542316.9,reserveeritud,2016-10-08
984,984,984,2014-08-02,2015-05-30,571607.3,reserveeritud,2016-10-13
985,985,985,2004-02-24,2010-10-14,690954.8,töötluses,2020-02-04
986,986,986,2007-11-11,2013-09-14,871303.9,reserveeritud,2004-06-17
987,987,987,2006-08-20,2021-10-03,533962.1,katkestatud,2017-09-18
988,988,988,2018-05-10,2022-07-19,427119.8,reserveeritud,2013-12-06
989,989,989,2017-04-20,2021-03-14,792725.2,katkestatud,2013-03-13
990,990,990,2009-06-03,2011-01-30,448735.3,katkestatud,2015-11-29
991,991,991,2021-02-01,2012-01-08,61398.7,reserveeritud,2015-12-03
992,992,992,2005-07-10,2019-08-08,554981.8,katkestatud,2000-12-31
993,993,993,2018-04-14,2008-05-01,399067.6,katkestatud,2011-11-14
994,994,994,2015-04-28,2006-08-07,631665.1,töötluses,2014-03-10
995,995,995,2002-12-11,2016-09-04,516032.4,reserveeritud,2021-07-04
996,996,996,2020-02-22,2010-08-25,889846.6,reserveeritud,2003-10-04
997,997,997,2009-10-15,2014-12-31,136128.6,töötluses,2022-11-12
998,998,998,2017-01-21,2002-05-20,968423.0,reserveeritud,2015-04-24
999,999,999,2020-01-16,2004-10-14,62003.4,katkestatud,2020-09-20
1000,1000,1000,2002-04-19,2016-07-16,285437.7,katkestatud,2009-04-25
